{
  "model_path": "results_nas/nas_optimized_wireless_classifier.keras",
  "pruned_model_path": "results_nas/nas_optimized_wireless_classifier_pruned.keras",
  "classes": [
    "LTE",
    "DVB-T",
    "WiFi"
  ],
  "epochs": 12,
  "batch_size": 32,
  "target_final_sparsity": 0.6,
  "baseline": {
    "test_accuracy": 0.8808333333333334,
    "nominal_params": 4715
  },
  "pruned": {
    "test_accuracy": 0.8691666666666666,
    "accuracy_delta": -0.011666666666666714,
    "nominal_params": 4715,
    "nonzero_weights": 2075,
    "total_weights": 4715,
    "effective_sparsity": 0.559915164369035,
    "saved_model_size_mb": 0.06876945495605469
  },
  "training_history": {
    "stages": 3,
    "epochs_per_stage": 4,
    "histories": [
      {
        "accuracy": [
          0.9283333420753479,
          0.9430000185966492,
          0.9340000152587891
        ],
        "loss": [
          0.23223872482776642,
          0.2153063714504242,
          0.22224491834640503
        ],
        "val_accuracy": [
          0.8133333325386047,
          0.809166669845581,
          0.8075000047683716
        ],
        "val_loss": [
          0.7324008941650391,
          0.7768051624298096,
          0.7819200754165649
        ],
        "learning_rate": [
          0.0005000000237487257,
          0.0005000000237487257,
          0.0002500000118743628
        ]
      },
      {
        "accuracy": [
          0.9330000281333923,
          0.9256666898727417,
          0.9266666769981384,
          0.9396666884422302
        ],
        "loss": [
          0.22315026819705963,
          0.23339059948921204,
          0.22420908510684967,
          0.2134338617324829
        ],
        "val_accuracy": [
          0.7674999833106995,
          0.8066666722297668,
          0.7908333539962769,
          0.8041666746139526
        ],
        "val_loss": [
          0.9037979245185852,
          0.7615294456481934,
          0.837206244468689,
          0.7891103625297546
        ],
        "learning_rate": [
          0.0005000000237487257,
          0.0005000000237487257,
          0.0005000000237487257,
          0.0002500000118743628
        ]
      },
      {
        "accuracy": [
          0.9350000023841858,
          0.9273333549499512,
          0.9383333325386047
        ],
        "loss": [
          0.2176830917596817,
          0.22132986783981323,
          0.21168066561222076
        ],
        "val_accuracy": [
          0.8075000047683716,
          0.7983333468437195,
          0.815833330154419
        ],
        "val_loss": [
          0.7321256995201111,
          0.7689560651779175,
          0.7525341510772705
        ],
        "learning_rate": [
          0.0005000000237487257,
          0.0005000000237487257,
          0.0002500000118743628
        ]
      }
    ]
  }
}