{
  "model_info": {
    "name": "nas_optimized_wireless_classifier_fast",
    "parameters": 4715,
    "model_size_mb": 0.11496543884277344,
    "input_shape": [
      512,
      2
    ],
    "classes": [
      "LTE",
      "DVB-T",
      "WiFi"
    ]
  },
  "training_history": {
    "epochs": 11,
    "final_accuracy": 0.937666654586792,
    "final_val_accuracy": 0.8333333134651184,
    "final_loss": 0.18414190411567688,
    "final_val_loss": 0.8333333134651184
  },
  "test_results": {
    "overall_accuracy": 0.8658333333333333,
    "confusion_matrix": [
      [
        328,
        62,
        10
      ],
      [
        32,
        350,
        18
      ],
      [
        0,
        39,
        361
      ]
    ],
    "classification_report": {
      "LTE": {
        "precision": 0.9111111111111111,
        "recall": 0.82,
        "f1-score": 0.8631578947368421,
        "support": 400.0
      },
      "DVB-T": {
        "precision": 0.7760532150776053,
        "recall": 0.875,
        "f1-score": 0.8225616921269095,
        "support": 400.0
      },
      "WiFi": {
        "precision": 0.9280205655526992,
        "recall": 0.9025,
        "f1-score": 0.9150823827629911,
        "support": 400.0
      }
    }
  },
  "nas_search": {
    "population_size": 8,
    "generations": 5,
    "best_fitness": 0.021267355316215486,
    "best_parameters": 4715,
    "search_space_size": 1327104
  }
}